{
  "contact": [
    {
      "id": "e3cf",
      "name": "Sachin",
      "email": "sachinkushwaha1103@gmail.com",
      "phone": "08401232384",
      "subject": "Inquiry"
    },
    {
      "id": "9337",
      "name": "Rahul",
      "email": "rahul",
      "phone": "1234567890",
      "subject": "Inquiry",
      "message": "Contact us me"
    }
  ],
  "feedback": [
    {
      "id": 1,
      "name": "Ram",
      "email": "ram@gmail.com",
      "phone": "1234567890",
      "message": "feedback"
    },
    {
      "id": "c052",
      "name": "Yash",
      "email": "yash@gmail.com",
      "phone": "123456789",
      "message": "Contact by admin"
    }
  ],
  "register": [
    {
      "id": "eb54",
      "username": "sachin",
      "email": "sachin@gmail.com",
      "password": "123",
      "confirmPassword": "123"
    },
    {
      "id": "c004",
      "username": "rahul",
      "email": "rahul@gmail.com",
      "password": "rahul",
      "confirmPassword": "rahul"
    },
    {
      "id": "7441",
      "username": "hitesh",
      "email": "hitesh@gmail.com",
      "password": "hitesh",
      "confirmPassword": "hitesh"
    }
  ],
  "login": [
    {}
  ]
}