{
  "category": [
    {
      "id": "5ad5",
      "category": "Technology"
    },
    {
      "id": "a685",
      "category": "Education"
    },
    {
      "id": "7bd6",
      "category": "Sports"
    },
    {
      "id": "aacd",
      "category": "Music"
    },
    {
      "id": "f1a0",
      "category": "Dance"
    },
    {
      "id": "2296",
      "category": "Computer"
    }
  ],
  "subCategory": [
    {
      "id": "fc27",
      "category": "Technology",
      "subcategory": "CS"
    },
    {
      "id": "0a92",
      "category": "Technology",
      "subcategory": "IT"
    },
    {
      "id": "8b86",
      "category": "Education",
      "subcategory": "BE"
    },
    {
      "id": "107b",
      "category": "Computer",
      "subcategory": "Hardware"
    }
  ],
  "users": [
    {
      "id": "1",
      "firstName": "Sachin",
      "lastName": "Kushwaha",
      "registrationDate": "2024-01-01",
      "address": "Ahmedabad",
      "phone": "1234567890",
      "email": "sachin@gmail.com"
    },
    {
      "id": "2",
      "firstName": "Jenish",
      "lastName": "Kotadiay",
      "registrationDate": "2024-02-10",
      "address": "Amreli",
      "phone": "123456789",
      "email": "jenish@gmail.com"
    },
    {
      "id": "3",
      "firstName": "Preet",
      "lastName": "Patel",
      "registrationDate": "2024-03-05",
      "address": "Rajkot",
      "phone": "123456789",
      "email": "preet@gmail.com"
    },
    {
      "id": "4",
      "firstName": "Jay",
      "lastName": "Panchal",
      "registrationDate": "2024-04-12",
      "address": "Vadodara",
      "phone": "123456789",
      "email": "jay@gmail.com"
    },
    {
      "id": "5",
      "firstName": "Priyam",
      "lastName": "Patel",
      "registrationDate": "2024-05-13",
      "address": "Surat",
      "phone": "123456789",
      "email": "priyam@gmail.com"
    }
  ],
  "posts": [
    {
      "id": "1",
      "title": "Sports",
      "userName": "Fuhrman"
    },
    {
      "id": "2",
      "title": "Eduction",
      "userName": "Weisz"
    },
    {
      "id": "3",
      "title": "Music",
      "userName": "Haner"
    },
    {
      "id": "4",
      "title": "Dance",
      "userName": "Landa"
    },
    {
      "id": "5",
      "title": "Technolog",
      "userName": "haner"
    }
  ],
  "inquiries": [
    {
      "id": "2",
      "name": "Elodia",
      "email": "Elodia@gmail.com",
      "subject": "Eduction"
    },
    {
      "id": "3",
      "name": "Raeann",
      "email": "Raeann@gmail.com",
      "subject": "Music"
    },
    {
      "id": "4",
      "name": "Junie",
      "email": "Junie@gmail.com",
      "subject": "Dance"
    },
    {
      "id": "5",
      "name": "John",
      "email": "john@gmail.com",
      "subject": "Technology"
    }
  ],
  "feedback": [
    {
      "id": "1",
      "rating": 5,
      "userName": "Dennise",
      "date": "2024-01-10"
    },
    {
      "id": "2",
      "rating": 5,
      "userName": "Elodia",
      "date": "2024-02-11"
    },
    {
      "id": "3",
      "rating": 5,
      "userName": "Raeann",
      "date": "2024-03-12"
    },
    {
      "id": "4",
      "rating": 5,
      "userName": "Junie",
      "date": "2024-04-13"
    },
    {
      "id": "5",
      "rating": 5,
      "userName": "John",
      "date": "2024-05-14"
    }
  ]
}